,AÑO,LESIONADOS,HOMICIDIOS,LESIONADOS_HOMICIDIO,PROPORCION
0,2016,,,,
1,2017,,,,
2,2018,,,,
3,2019,11792.0,103.0,114.48543689320388,114.48543689320388
4,2020,6855.0,81.0,84.62962962962963,125.93398058252428
5,2021,8957.0,97.0,92.340206185567,93.0925925925926
